인물,팔자,년주,월주,일주,시주,출처,관직,결과태그,문맥
孟重都憲,乙亥丁亥乙丑丙戌,乙亥,丁亥,乙丑,丙戌,삼명통회,,,보아 일률로 인수로 논해서는 안 된다. 〔명례 — 孟重都憲: 乙亥 丁亥 乙丑 丙戌 / 甲寅 丙寅 丙寅 丁酉 / 庚申 庚辰 庚子 壬午〕
張時僉事,庚午丁亥戊戌丙辰,庚午,丁亥,戊戌,丙辰,삼명통회,,,이나 다만 재·관·인을 취함이 이것이다. 〔명례 — 張時僉事: 庚午 丁亥 戊戌 丙辰 / 劉大受少卿: 丁亥 癸丑 庚戌 戊寅〕
彭刚直,丙子辛丑戊子癸丑,丙子,辛丑,戊子,癸丑,자평진전평주,公,,"함이라. 가령 전청 팽강직공 옥린(彭刚直公玉麟=彭玉麟)의 명조 丙子·辛丑·戊子·癸丑은 丑 가운데 癸·辛이 투출함이 귀징(贵征)인데, 그러나 겨울 토가 한호(寒沍)하니 丙火의 조난(照暖)이 아니면 용이 드러나지"
彭剛直,丙子辛丑戊子癸丑,丙子,辛丑,戊子,癸丑,자평격국명법원약,公,,"은 다음과 같다: 가령 전청 팽강직공 옥린(彭剛直公玉麟) 명조 丙子·辛丑·戊子·癸丑은 丑 가운데 癸·辛이 투출해 귀징이나, 겨울 토가 한호(寒冱)해 丙火 조난이 아니면 쓰임이 드러나지 않는다. 그 년상 丙火가"
文忠,癸未甲寅乙亥己卯,癸未,甲寅,乙亥,己卯,자평진전평주,公,,"氏)의 귀가 문충공(文忠公=李鸿章)에서 시작되니, 문충의 명조 癸未·甲寅·乙亥·己卯는 곡직인수격이라, 이국걸의 금국에 이르러 귀가 끊겼으니 작을 이음이 이에 이르러 끝남이 또한 한 기이함이라. 이는 정원(贞元"
朱文,庚戌丙戌甲寅庚午,庚戌,丙戌,甲寅,庚午,삼명통회,公,,"비록 귀해도 흔히 병이 생긴다. 가령 주문공(朱文公, 주희)은 庚戌·丙戌·甲寅·庚午라, 전록이 화국을 얻어 식(食)이 되고 두 庚이 살이 되어 화왕한 고(庫)에 거하며 목이 빼어나 득지하니 살을 화하여 권으로"
朱文公,庚戌丙戌甲寅庚午,庚戌,丙戌,甲寅,庚午,삼명통회,丞相·公,大貴,일으켜 권으로 삼은 까닭에 크게 귀했다. 〔명례 — 朱文公: 庚戌 丙戌 甲寅 庚午 / 董丞相: 己巳 辛未 乙卯 丁亥〕
果正郎,壬辰壬子壬寅壬寅,壬辰,壬子,壬寅,壬寅,삼명통회,,,에 벼슬길이 반드시 높이 오른다’ 하였다. 〔명례 — 果正郎: 壬辰 壬子 壬寅 壬寅〕
沈路分,丁亥癸卯癸卯甲寅,丁亥,癸卯,癸卯,甲寅,자평격국명법원약,,,찌 「심히 아름다움」이랴? 신경식왕한 것은 본편 沈路分 명조: 丁 癸 癸 甲 / 亥 卯 卯 寅. 癸水가 비록 亥에 통근하나 亥·卯 합국이요 일·시 寅·卯에 甲을 투출하니 식상왕이 재를 생해 신경설기태중이라. 지지로 인수
畢狀元,己巳癸酉庚辰甲申,己巳,癸酉,庚辰,甲申,삼명통회,狀元,,狀元)은 기사·계유·경진·갑신이 이것이다. 〔명례 — 畢狀元: 己巳 癸酉 庚辰 甲申〕
董丞,己巳辛未乙卯丁亥,己巳,辛未,乙卯,丁亥,삼명통회,승상·丞相,大貴,"권으로 삼아 마땅히 대유(大儒)를 이루었다. 동승상(董丞相)은 己巳·辛未·乙卯·丁亥라, 전록이 목국을 얻어 일간이 생왕한 수기를 온전히 모으고 운이 동방 신왕국으로 행해 온전히 대궁의 녹을 충기해 권으로 삼으"
陳朝議,辛巳壬辰癸巳癸亥,辛巳,壬辰,癸巳,癸亥,삼명통회,,,이 격과 같으니 문귀(文貴)를 주관한다. 〔명례 — 陳朝議: 辛巳 壬辰 癸巳 癸亥〕
韓魏,戊申庚申庚辰庚辰,戊申,庚申,庚辰,庚辰,삼명통회,公,大貴·貴,"녹을 띠면 귀한 자는 대귀하다. 가령 한위공(韓魏公, 한기)은 戊申·庚申·庚辰·庚辰; 송 진회(秦桧)는 庚午·己丑·乙卯·壬午; 또 명 왕숭고(王崇古) 소보(少保)는 乙亥·辛巳·戊申·庚申이 이것이다. 가령 도식"
韓魏公,戊申庚申庚辰庚辰,戊申,庚申,庚辰,庚辰,삼명통회,公,貴,시를 봄—또한 귀하나 다만 자식을 덜한다. 〔명례 — 韓魏公: 戊申 庚申 庚辰 庚辰 / 秦檜: 庚午 己丑 乙卯 壬午 / 王崇古少保: 乙亥 辛巳 戊申 庚申〕
가평장(贾平章),甲寅庚午戊申甲寅,甲寅,庚午,戊申,甲寅,자평진전평주,평장,,"합하니 이른바 인이 보호함이요, 가령 가평장(贾平章)의 명조 甲寅·庚午·戊申·甲寅은 살이 둘 투출해 뿌리가 너무 무거워 식으로 그것을 제하니 이른바 재손함이며, 가령 丙戌·丁酉·庚申·壬午는 관·살이 다투어"
갈참정(葛参政),壬申壬子戊午乙卯,壬申,壬子,戊午,乙卯,자평진전평주,참정,離婚,해도 누가 감히 그것을 겁탈하랴? 가령 갈참정(葛参政)의 명조 壬申·壬子·戊午·乙卯는 어찌 재가 드러남이 아니랴? 오직 그 관을 생하므로 꺼리지 않음이라. 뿌리 깊음은 지 가운데 감춰짐을 이름이라. 만일 천간
갈참정(葛參政),壬申壬子戊午乙卯,壬申,壬子,戊午,乙卯,자평격국명법원약,참정·參政,,생할 수 있는 것도 꺼리지 않는다. 갈참정(葛參政) 명: 건 壬 壬 戊 乙 / 申 子 午 卯. 청조의 「〔…〕.
강만평(江万平),丁酉丙午丁酉己酉,丁酉,丙午,丁酉,己酉,자평진전평주,,,"辰은 살인격이 이뤄짐이요, 건록은 가령 강만평(江万平)의 명조 丁酉·丙午·丁酉·己酉는 식신생재를 쓰니 또한 격의 이룸이라. ── 〔심효첨〕 무엇을 구응이라 하는가? 가령 관이 상을 만나는데 인을 투출해 그것을"
건륭황제(乾隆皇帝),辛卯丁酉庚午丙子,辛卯,丁酉,庚午,丙子,자평진전평주,,,"기뻐하는 것이 있으니, 가령 손청 건륭황제(乾隆皇帝)의 명조: 辛卯·丁酉·庚午·丙子 — 양인격국이라 살로 인을 제함을 용으로 삼는다. 다만 가을 금이 인이 없어 왕으로 논하지 않는데 관·살이 卯·午에 통근해"
고상서(高尚书),庚子甲申庚子甲申,庚子,甲申,庚子,甲申,자평진전평주,상서,大貴·離婚,이른바 겁을 화해 재가 됨이라. 가령 고상서(高尚书)의 명조 庚子·甲申·庚子·甲申은 곧 겁재의 금으로 화해 재를 생하는 수가 되니 이른바 겁을 화해 생함이라. ── 〔서락오〕 己未 한 명조는 사주 가운데 다
고상서(高尚書),庚子甲申庚子甲申,庚子,甲申,庚子,甲申,자평격국명법원약,尚書·상서,大貴,대귀가 아니랴? 이른바 화겁위재라. 가령 고상서(高尚書) 명 庚子·甲申·庚子·甲申은 곧 겁재의 금으로 화해 생재의 수가 되니 이른바 화겁위생이라.」 서주: 己未 한 명조는 사주 가운데 다섯 겹 토라 목이 설
고죽헌(顾竹轩),丙午丙申辛卯丙申,丙午,丙申,辛卯,丙申,자평진전평주,,,이 丁을 끼니 쟁합·투합이라. 곧 고죽헌(顾竹轩)의 명조이다. 丙午·丙申·辛卯·丙申 — 세 丙이 한 辛을 다투어 합하고 또 능히 화하지 못하니 다부(多夫)의 상이라 여명이 가장 꺼린다. 지금 사람이 명리를 알
곤원(堃元),壬午癸丑甲子癸酉,壬午,癸丑,甲子,癸酉,격국론명,,,"더 설명하겠다. 자두(紫斗) 명가 곤원(堃元)의 명, 명식: 壬午·癸丑·甲子·癸酉, 9세 대운: 甲寅·乙卯·丙辰·丁巳·戊午·己未. 팔자가 유상사의 것과 극히 비슷해 모두 甲子일이 癸丑월에 나고〔둘 다 인왕이"
곽송령(郭松龄),癸未丙辰丙午戊子,癸未,丙辰,丙午,戊子,자평진전평주,,,"살을 제하니 성 중에 패라. 또 가령 곽송령(郭松龄)의 명조 癸未·丙辰·丙午·戊子도 또한 성 중에 패라. 격의 이룬 것은, 가령 용제광(龙济光)의 명조 丁卯·丙午·丙子·壬辰은 살인격이 이뤄짐이요, 건록은 가"
곽영동(霍英東),癸亥丁巳癸未丁巳,癸亥,丁巳,癸未,丁巳,격국론명,,,"이 격으로 논하지 않는다. 예1: 곽영동(霍英東)의 명 팔자: 癸亥·丁巳·癸未·丁巳, 1세 대운: 丙辰·乙卯·甲寅·癸丑·壬子·辛亥·庚戌·己酉. 월령 巳火 가운데 戊土 관성이 있고 일지에 또 未土 살성이 있으나"
금윤천(金潤泉),戊寅庚申丙寅庚寅,戊寅,庚申,丙寅,庚寅,격국론명,,離婚,"교교자(皎皎者)가 되었다. 예2: 금윤천(金潤泉)의 명 팔자: 戊寅·庚申·丙寅·庚寅, 4세 대운: 辛酉·壬戌·癸亥·甲子·乙丑·丙寅·丁卯. 편재가 당령하고 위에 식신이 재를 생하며 아래에 인성이 몸을 생하니,"
금장원(金狀元),乙卯丁亥丁未庚戌,乙卯,丁亥,丁未,庚戌,자평격국명법원약,狀元·장원,大貴,하면 곧 더욱 빼어나 대귀의 격이라. 가령 금장원(金狀元) 명 乙卯·丁亥·丁未·庚戌은 재·인을 아울러 쓰되 상관이 없고 살에 섞이지 않으니 이른바 그 꺼림을 제거하고 그 기쁨을 둠이라.」 서주: 인은 나를 생
김승상(金丞相),丁酉丙午丁巳壬寅,丁酉,丙午,丁巳,壬寅,자평진전평주,승상·丞相·知府,離婚,")의 명조가 이것이요, 관을 쓰되 재가 돕는 것이 있으니 가령 丁酉·丙午·丁巳·壬寅은 이지부(李知府)의 명조가 이것이라. ── 〔서락오〕 재·인이 서로 따름은 재·인을 아울러 씀이 아니라(논관편 상세). 관을"
김장원(金状元),乙卯丁亥丁未庚戌,乙卯,丁亥,丁未,庚戌,자평진전평주,장원·状元,大貴,또 심히 빼어나 대귀의 격이라. 가령 김장원(金状元)의 명조 乙卯·丁亥·丁未·庚戌은 이 재·인을 아울러 쓰는데 상관이 없고 살을 섞지 않으니 이른바 그 꺼림을 제거하고 그 기쁨을 보존함이라. ── 〔서락오〕
나어사(罗御史),甲申甲戌甲子甲子,甲申,甲戌,甲子,甲子,자평진전평주,어사·御史,夭,있으나 나어사(罗御史)의 명으로 인해 짐짓 다시 그것을 둔다. 甲申·甲戌·甲子·甲子는 나어사의 명이 이것이라. ── 〔서락오〕 요합에 둘이 있으니 축요사격(丑遥巳格)·자요사격(子遥巳格)이 이것이라. 축요사격은
나장원(罗状元),甲子乙亥辛未戊子,甲子,乙亥,辛未,戊子,자평진전평주,장원·状元,大貴,"에 이르러서는 크게 빼어난 기라, 가령 나장원(罗状元)의 명조 甲子·乙亥·辛未·戊子는 간두의 甲이 亥에 통근하나 또 未를 회해 국을 이뤄 수를 화해 목이 되고 화해 재를 생하니 더욱 유정함이라, 그래서 상관생"
나장원(羅狀元),甲子乙亥辛未戊子,甲子,乙亥,辛未,戊子,자평격국명법원약,狀元·장원,大貴,"爲財)에 이르러서는 크게 빼어남이라, 가령 나장원(羅狀元) 명 甲子·乙亥·辛未·戊子는 간두의 甲이 亥에 통근하고 또 未를 회해 국을 이뤄 수를 화해 목이 되어 화해 재를 생하니 더욱 유정하니, 그래서 상관생재"
나회사(羅御史),甲申甲戌甲子甲子,甲申,甲戌,甲子,甲子,자평격국명법원약,御史,夭,"할 만하나, 나회사(羅御史) 명으로 인해 애오라지 다시 둔다. 甲申·甲戌·甲子·甲子가 나회사 명이 이것이라.」 서주: 요합에 둘이 있으니 축요사격(丑遙巳格)·자요사격(子遙巳格)이 이것이라. 축요사격은 辛丑·癸"
낙상(洛桑),戊申辛酉壬午乙巳,戊申,辛酉,壬午,乙巳,격국론명,,,"黯然神傷)일 뿐이라. 청년 상성 연원 낙상(洛桑)의 명 팔자: 戊申·辛酉·壬午·乙巳. 또한 시간 상관으로 몸을 설하고 토수해 재를 생하는 팔자인데 다만 대운이 잘 안 가, 癸亥운에 직접 巳火 재성을 충극하고"
누참정(娄参政),丁巳壬子癸卯己未,丁巳,壬子,癸卯,己未,자평진전평주,참정,,"은 반드시 제복함이 있어야 하니, 가령 누참정(娄参政)의 명조 丁巳·壬子·癸卯·己未는 壬이 丁 재를 합해 그 살 돕는 것을 제거하고 卯·未가 회국해 제복함이 이것이라. ── 〔서락오〕 녹겁용살은 보통 살을 씀"
뉴턴(牛頓),壬午壬子庚子辛巳,壬午,壬子,庚子,辛巳,격국론명,,,의 명: 癸酉·甲子·辛亥·丁酉; 과학 거장 뉴턴(牛頓)의 명: 壬午·壬子·庚子·辛巳. 이 세 예 명중의 관살성이 모두 이미 다 극되었으므로 귀기가 모두 적지 않다. 토금상관이 만일 관성을 상진 못 하면 어찌
담사동(譚嗣同),乙丑己卯己卯己巳,乙丑,己卯,己卯,己巳,격국론명,,,"못하므로 살신의 화가 있음이라. 담사동(譚嗣同)의 명 팔자: 乙丑·己卯·己卯·己巳, 2세 기운 대운: 戊寅·丁丑·丙子·乙亥. 한 관살극비겁의 좋은 명례라. 卯木 칠살이 왕하고 강하며 이월 토가 사지에 처해"
담연개(谭延闿),戊戌己未丙子庚寅,戊戌,己未,丙子,庚寅,자평진전평주,,,"무 강해 억제함이라. 전 행정원장 담연개(谭延闿)의 명조이다. 戊戌·己未·丙子·庚寅 — 丙火가 유월에 나 여염(余焰)이 그래도 있고 시에 寅木을 만나 子水 관성이 인을 생하니 일원이 약하되 약하지 않은데, 월"
도밍고(多明戈),庚辰己丑己巳乙亥,庚辰,己丑,己巳,乙亥,격국론명,,,명: 戊戌·乙丑·丙戌·癸巳; 국제 가성 도밍고(多明戈)의 명: 庚辰·己丑·己巳·乙亥; 영시천후 매염방(梅艷芳)의 명: 癸卯·壬戌·丙戌·丁酉; 희극 명성 반장강(潘長江)의 명: 丁酉·丙午·甲戌·乙丑; 유행가왕
도통제(都統制),壬戌己酉戊午丁巳,壬戌,己酉,戊午,丁巳,자평격국명법원약,統制·승상,大貴,느끼는데 화를 얻어 융화하니 도통제(都統制) 명이라. 또 가령 壬戌·己酉·戊午·丁巳는 인이 태중한데 戊·己로 막혀 丁과 壬이 서로 거리끼지 않으니 한 승상의 명이라. 반대면 곧 재·인이 아울러 쓰이지 못해 빼
도통제(都统制),壬戌己酉戊午丁巳,壬戌,己酉,戊午,丁巳,자평진전평주,승상,大貴,닫는데 화를 얻어 융화하니 도통제(都统制)의 명조라. 또 가령 壬戌·己酉·戊午·丁巳는 인이 너무 무거운데 戊·己로 격하고 丁과 壬이 서로 막지 않으니 한 승상의 명조라. 이와 반대면 곧 재·인을 아울러 쓰지
동치(同治),丙辰壬辰庚辰壬午,丙辰,壬辰,庚辰,壬午,격국론명,,,"제하며 빈번한 변화가 없다. 예3: 동치(同治)의 명 팔자: 丙辰·壬辰·庚辰·壬午, 3세 대운: 癸巳·甲午. 인성이 너무 많아 모친이 그 명에서 주요 위치를 점한다. 년간 한 丙火 칠살이 午火로 뿌리를 삼으"
동호운(董浩雲),壬子己酉丁未甲辰,壬子,己酉,丁未,甲辰,격국론명,,,"금의 비범한 성취가 있다. 예3: 동호운(董浩雲)의 명 팔자: 壬子·己酉·丁未·甲辰, 4세 기운 대운: 庚戌·辛亥·壬子·癸丑·甲寅·乙卯·丙辰. 기관취식격이라. 팔자에 甲木 인성이 己土 식신을 합함이 관격을 구"
두심무(杜心武),己巳乙亥庚午戊寅,己巳,乙亥,庚午,戊寅,격국론명,,,명: 庚戌·辛巳·己亥·乙亥; 남북대협 두심무(杜心武)의 명: 己巳·乙亥·庚午·戊寅; 경극 명가 상소운(尚小雲)의 명: 戊戌·乙丑·丙戌·癸巳; 국제 가성 도밍고(多明戈)의 명: 庚辰·己丑·己巳·乙亥; 영시천후
마르코스(馬科斯),丁巳己酉丙辰壬辰,丁巳,己酉,丙辰,壬辰,격국론명,,,"명이니, 가령 필리핀 전 대통령 마르코스(馬科斯)의 명 팔자: 丁巳·己酉·丙辰·壬辰, 1세 대운: 戊申·丁未·丙午·乙巳·甲辰·癸卯·壬寅·辛丑. 시상 한 자리 독살에 월간에 상관이 제함이 있어 살·상이 모두 뿌"
마참정(马参政),壬寅戊申壬辰壬寅,壬寅,戊申,壬辰,壬寅,자평진전평주,장원·참정,大貴·貧,"己巳·癸酉·癸未·庚申은 신경·인중이요, 마참정(马参政)의 명조 壬寅·戊申·壬辰·壬寅은 신중·인경이라. 만일 신·인이 아울러 무거운데 칠살을 쓰면 고독하지 않으면 곧 가난하다. ── 〔서락오〕 모장원 명조는 己"
매경덕(買景德),庚辰甲申己丑己巳,庚辰,甲申,己丑,己巳,격국론명,상서,大貴,명: 庚申·甲申·己丑·癸酉; 고시원장 매경덕(買景德)의 명: 庚辰·甲申·己丑·己巳; 병부상서 모창희(毛昶熙)의 명: 丁丑·丁未·丙子·己丑; 교육총장 범원렴(范源濂)의 명: 丙子·戊戌·丁巳·丙午. 예1: 어떤
매란방(梅蘭芳),甲午甲戌丁酉癸卯,甲午,甲戌,丁酉,癸卯,격국론명,,,") 아래 체도(剃度)했다. 예5: 매란방(梅蘭芳)의 명 팔자: 甲午·甲戌·丁酉·癸卯, 6세 대운: 乙亥·丙子·丁丑·戊寅·己卯·庚辰·辛巳. 이 명은 비교적 복잡해 세 종 격국을 하나하나 사선(篩選)해야 한다."
매염방(梅艷芳),癸卯壬戌丙戌丁酉,癸卯,壬戌,丙戌,丁酉,격국론명,,,명: 庚辰·己丑·己巳·乙亥; 영시천후 매염방(梅艷芳)의 명: 癸卯·壬戌·丙戌·丁酉; 희극 명성 반장강(潘長江)의 명: 丁酉·丙午·甲戌·乙丑; 유행가왕 마이클 잭슨(杰克遜)의 명: 戊戌·庚申·戊寅·甲子. 증국
맥아더(麥克阿瑟),己卯丁丑甲寅壬申,己卯,丁丑,甲寅,壬申,격국론명,,,"종이 곧 살인상생격이라. 예1: 맥아더(麥克阿瑟)의 명 팔자: 己卯·丁丑·甲寅·壬申, 7세 대운: 丙子·乙亥·甲戌·癸酉·壬申·辛未·庚午. 월령 丑 가운데 辛金 관성이 있는데 丁火가 개두해 제했다. 다만 시지"
모장원(毛状元),乙酉庚辰甲午戊辰,乙酉,庚辰,甲午,戊辰,자평진전평주,어사·장원·状元·御史,大貴,"하고 재를 생하면 모두 귀격이라. 가령 모장원(毛状元)의 명조 乙酉·庚辰·甲午·戊辰은 살을 합하고 재를 보존함이요, 이어사(李御史)의 명조 庚辰·戊子·戊寅·甲寅은 살을 제하고 재를 생함이라. ── 〔서락오 평"
모장원(毛狀元),乙酉庚辰甲午戊辰,乙酉,庚辰,甲午,戊辰,자평격국명법원약,狀元·어사·장원·御史,大貴,거나 혹 제살생재하면 모두 귀격이라. 가령 모장원(毛狀元) 명 乙酉·庚辰·甲午·戊辰은 합살존재요; 이어사(李御史) 명 庚辰·戊子·戊寅·甲寅은 제살생재라.」 서주: 모장원 명조는 乙·庚 합하되 살이 그래도 남고
모장원(茅状元),己巳癸酉癸未庚申,己巳,癸酉,癸未,庚申,자평진전평주,참정·장원·状元,大貴,"있어야 비로소 유정함이 됨이라. 가령 모장원(茅状元)의 명조 己巳·癸酉·癸未·庚申은 신경·인중이요, 마참정(马参政)의 명조 壬寅·戊申·壬辰·壬寅은 신중·인경이라. 만일 신·인이 아울러 무거운데 칠살을 쓰면"
모중방(毛仲芳),丁巳戊午己未庚申,丁巳,戊午,己未,庚申,격국론명,,離婚,"방(毛仲芳)의 명 팔자: 戊子·丙辰·丙午·庚寅, 10세 대운: 丁巳·戊午·己未·庚申. 년지 子水 관성이 戊土에 한 번 극되어 관격을 깨뜨린다. 월에 식신을 투출하고 시간에 재가 있어 격이 식신생재를 이룬다."
모창희(毛昶熙),丁丑丁未丙子己丑,丁丑,丁未,丙子,己丑,격국론명,상서,大貴,"명: 庚辰·甲申·己丑·己巳; 병부상서 모창희(毛昶熙)의 명: 丁丑·丁未·丙子·己丑; 교육총장 범원렴(范源濂)의 명: 丙子·戊戌·丁巳·丙午. 예1: 어떤 여명 팔자: 庚寅·甲申·戊戌·己未, 8세 대운: 癸未·"
목동지(穆同知),甲午癸酉庚寅戊寅,甲午,癸酉,庚寅,戊寅,자평진전평주,평장,,"관·살이 가벼워 청을 취함이라. 가령 목동지(穆同知)의 명조 甲午·癸酉·庚寅·戊寅은 癸水가 寅·午의 관을 상하는데 戊로 그것을 합하니 이른바 인이 보호함이요, 가령 가평장(贾平章)의 명조 甲寅·庚午·戊申·甲"
문인(聞人),戊戌辛酉戊戌辛酉,戊戌,辛酉,戊戌,辛酉,자평격국명법원약,,,약 및 사주의 청잡을 봐야 한다. 가령 어떤 문인(聞人) 명조 戊戌·辛酉·戊戌·辛酉는 양신성상(兩神成象)이라 왕하고 또 맑으니 재운을 행하면 부귀가 무슨 막힘이 있으랴? 학인 주: 심 전배의 원의는 격국 용신
문인(闻人),戊戌辛酉戊戌辛酉,戊戌,辛酉,戊戌,辛酉,자평진전평주,,,"약, 사주의 청·잡을 봐야 한다. 가령 모 문인(闻人)의 명조 戊戌·辛酉·戊戌·辛酉는 양신성상이라 왕하고 또 맑으니 재운을 행해 부귀에 무슨 막힘이 있으랴? 다시 인이 와 식을 빼앗는데 재를 투출해 풀면 또한"
반장강(潘長江),丁酉丙午甲戌乙丑,丁酉,丙午,甲戌,乙丑,격국론명,,,"명: 癸卯·壬戌·丙戌·丁酉; 희극 명성 반장강(潘長江)의 명: 丁酉·丙午·甲戌·乙丑; 유행가왕 마이클 잭슨(杰克遜)의 명: 戊戌·庚申·戊寅·甲子. 증국번 팔자: 辛未·己亥·丙辰·己亥, 6세 대운: 戊戌·丁酉·"
범원렴(范源濂),丙子戊戌丁巳丙午,丙子,戊戌,丁巳,丙午,격국론명,,,"명: 丁丑·丁未·丙子·己丑; 교육총장 범원렴(范源濂)의 명: 丙子·戊戌·丁巳·丙午. 예1: 어떤 여명 팔자: 庚寅·甲申·戊戌·己未, 8세 대운: 癸未·壬午·辛巳·庚辰·己卯. 식신이 당령하고 비겁이 중중하며"
범태부(范太傅),丁丑壬寅己巳丙寅,丁丑,壬寅,己巳,丙寅,자평진전평주,태부·太傅,大貴·貴,"나 도리어 대귀하는 것이 있으니, 가령 범태부(范太傅)의 명조 丁丑·壬寅·己巳·丙寅은 지에 巳·丑을 갖춰 금을 회해 상관인데 丙·丁으로 풀고 壬을 투출하니 어찌 격을 깨뜨림이 아니랴? 어찌 알랴, 丙·丁이 아"
부인(夫人),己未壬申乙未甲申,己未,壬申,乙未,甲申,삼명통회,,,남편을 왕케 한다. 그러므로 부인(夫人)의 명이다. 〔명례 — 己未 壬申 乙未 甲申〕
부종요(傅宗耀),壬申壬子辛亥癸巳,壬申,壬子,辛亥,癸巳,격국론명,,,록 관이 더 커진다. 예컨대: 상해시장 부종요(傅宗耀)의 명: 壬申·壬子·辛亥·癸巳; 재정청장 엄가치(嚴家熾)의 명: 癸酉·甲子·辛亥·丁酉; 과학 거장 뉴턴(牛頓)의 명: 壬午·壬子·庚子·辛巳. 이 세 예 명
브란도(白蘭度),甲子丁卯壬子壬子,甲子,丁卯,壬子,壬子,격국론명,,,"예1: 말론 브란도(白蘭度)의 명 팔자: 甲子·丁卯·壬子·壬子, 1세 대운: 戊辰·己巳·庚午·辛未·壬申·癸酉·甲戌·乙亥. 월에 한 자리 甲木 식신을 투출해 丁火 재성을 생하고 일주가 강근"
빈궁극처(克妻),戊戌甲寅丙午戊戌,戊戌,甲寅,丙午,戊戌,자평격국명법원약,,貧·克妻,"가운데 암장한 辛金을 손괴하니 빈궁극처(克妻)의 명이라. 건 戊 甲 丙 戊 / 戌 寅 午 戌. 이 명조가 높은 학력이 있고 서향의 집에 출신할 수 있음은 확실히 甲木이 출간한 공이나, 지지의 화국은 여기서 인기통신(印"
사미원(史彌遠),甲申丙寅乙卯辛巳,甲申,丙寅,乙卯,辛巳,자평격국명법원약,승상,大貴,희관격을 구성한다. 비유컨대 남송 권신 사미원(史彌遠)의 명: 甲申 丙寅 乙卯 辛巳. 가상관가살격에 속한다. 명주가 진사 출신으로 관이 승상에 이르고 앞뒤로 양조(兩朝)에서 조정(朝政)을 독람. 황 선생은 여
사춘방(史春芳),壬午己酉戊午庚申,壬午,己酉,戊午,庚申,자평격국명법원약,,,해 돌려 관을 생해 흉이 가로 변함이라. 사춘방(史春芳) 명조(壬午·己酉·戊午·庚申)에 이르러서는 곧 상관생재라 관 봄이 마땅치 않다. 신강은 설을 기뻐하고 신약은 곧 설을 꺼리므로 신강을 제일 요점으로 삼는
상문민(相文敏),戊辰丙辰甲寅甲子,戊辰,丙辰,甲寅,甲子,격국론명,,貴,만 부하고 귀하지 못하다. 예1: 상문민(相文敏)의 명 팔자: 戊辰·丙辰·甲寅·甲子. 재성이 당령하고 천간에 丙火 식신이 재를 생하며 지지에 子水 인성이 몸을 도와 하나는 관살의 협잡이 없고 둘은 식·인이 서
상소운(尚小雲),戊戌乙丑丙戌癸巳,戊戌,乙丑,丙戌,癸巳,격국론명,,,명: 己巳·乙亥·庚午·戊寅; 경극 명가 상소운(尚小雲)의 명: 戊戌·乙丑·丙戌·癸巳; 국제 가성 도밍고(多明戈)의 명: 庚辰·己丑·己巳·乙亥; 영시천후 매염방(梅艷芳)의 명: 癸卯·壬戌·丙戌·丁酉; 희극 명성
상진(商震),戊子辛酉乙未丙子,戊子,辛酉,乙未,丙子,격국론명,상서,大貴,명: 辛巳·丁酉·乙卯·丙戌; 하북성 도독 상진(商震)의 명: 戊子·辛酉·乙未·丙子; 산서성 도독 염석산(閻錫山)의 명: 癸未·辛酉·乙酉·丁亥; 병부상서 증국번(曾國藩)의 명: 辛未·己亥·丙辰·己亥; 항일명장
서세창(徐世昌),乙卯丙戌癸酉丙辰,乙卯,丙戌,癸酉,丙辰,격국론명,,,"예1: 서세창(徐世昌)의 명 팔자: 乙卯·丙戌·癸酉·丙辰, 6세 기운 대운: 乙酉·甲申·癸未·壬午·辛巳·庚辰·己卯·戊寅. 명국에 辰·戌 두 관성이 있어 卯木이 戌土를 합거하고 辰土"
석록생(席鹿笙),甲申庚午戊戌丙辰,甲申,庚午,戊戌,丙辰,격국론명,,,"대재를 안 발함이 없다. 예3: 석록생(席鹿笙)의 명 팔자: 甲申·庚午·戊戌·丙辰, 7세 대운: 辛未·壬申·癸酉·甲戌. 甲木 칠살이 뿌리 없어 살격으로 명을 논할 수 없다. 식상토수격을 취하려 하나 시간에"
선참국(宣参国),己卯辛未壬寅辛亥,己卯,辛未,壬寅,辛亥,자평진전평주,,貴,"살을 섞음이 청을 취함에 귀하다. 가령 선참국(宣参国)의 명조 己卯·辛未·壬寅·辛亥는 未 가운데 己 관이 간에 투출해 용이 맑은데 지가 수국을 회하니 두 辛으로 풀어, 이는 상을 만나 패인함이라."
선참국(宣參國),己卯辛未壬寅辛亥,己卯,辛未,壬寅,辛亥,자평격국명법원약,참정,,"고 살에 섞임은 취청을 귀히 여긴다. 가령 선참국(宣參國) 명 己卯·辛未·壬寅·辛亥는 未 가운데 己 관이 투간해 청을 쓰는데 지가 수국을 회하니 두 辛이 그것을 풀음이라, 이는 상을 만나 패인함이라. 이참정("
선통(宣统),丙午庚寅壬午壬寅,丙午,庚寅,壬午,壬寅,자평진전평주,,,"지 못하는 것이 아니니, 가령 손청(逊清) 선통(宣统)의 명조 丙午·庚寅·壬午·壬寅은 인(印)·비(比)가 모두 뿌리 없으면 좇지 않을 수 없다. 이것이 이른바 기를 좇고 세를 좇지 않음이니, 그 이치가 심히"
설상공(薛相公),甲申壬申乙巳戊寅,甲申,壬申,乙巳,戊寅,자평격국명법원약,公,大貴,〔원문:〕 가령 설상공(薛相公) 명 甲申·壬申·乙巳·戊寅은 壬 인·戊 재를 乙로 막아 수와 토가 서로 거리끼지 않으므로 대귀라. 만일 壬戌·丁未·戊申·乙卯는 잡기정관이라 투간회지해
소력자(邵力子),壬午壬子庚辰甲申,壬午,壬子,庚辰,甲申,격국론명,,,"예2: 소력자(邵力子)의 명 팔자: 壬午·壬子·庚辰·甲申, 10세 대운: 癸丑·甲寅·乙卯·丙辰·丁巳·戊午·己未. 申·子·辰 삼합 식신국이 년지의 그 한 午火 관성을 충극해 다 없애니"
소우렴(邵友濂),庚子己丑甲戌甲戌,庚子,己丑,甲戌,甲戌,격국론명,,,"아홉이 빈하다」 등이라. 예컨대 소우렴(邵友濂)의 명 팔자: 庚子·己丑·甲戌·甲戌. 팔자에 네 재성이 저 庚金 칠살을 생하니, 사서에 그가 감생(監生)에서 외랑(外郎)을 연(捐)했다 하는데 이 연(捐) 자가"
소일부(邵逸夫),丁未庚戌丙申甲午,丁未,庚戌,丙申,甲午,격국론명,,離婚,"극재가 부른 화가 아닌가? 예컨대 소일부(邵逸夫)의 명 팔자: 丁未·庚戌·丙申·甲午, 2세 기운 대운: 己酉·戊申·丁未·丙午·乙巳·甲辰·癸卯·壬寅. 심추(深秋) 금왕이라 재성이 무겁기 천균 같으니, 이리하면"
손악(孙岳),丁酉丙午丁酉己酉,丁酉,丙午,丁酉,己酉,자평진전평주,,,"이 정임화목격은 손악(孙岳)의 명조이다. ── (5) 통관. 丁酉·丙午·丁酉·己酉 — 화·금이 상전하니 토를 취해 통관함이 부격(富格)이라, 대개 토가 없으면 금을 쓸 수 없음이라. 이는 회계사 강만평(江万"
손중산(孫中山),乙丑丁亥丁酉壬寅,乙丑,丁亥,丁酉,壬寅,격국론명,,,"손 놓고 귀음(歸陰)했다. 예2: 손중산(孫中山)의 명 팔자: 乙丑·丁亥·丁酉·壬寅, 7세 기운 대운: 丙戌·乙酉·甲申·癸未·壬午·辛巳. 월령 壬水 한 자리 정관이 밖에 투출하고 충파·형상·살섞임이 없으며 오"
신기질(辛棄疾),庚午辛巳甲申丁卯,庚午,辛巳,甲申,丁卯,격국론명,,,식상제살의 예술 명격이라: 남송 사인 신기질(辛棄疾)의 명: 庚午·辛巳·甲申·丁卯;
심랑중(沈郎中),丙子甲午辛亥辛卯,丙子,甲午,辛亥,辛卯,자평격국명법원약,,,가령 심랑중(沈郎中) 명 丙子·甲午·辛亥·辛卯는 子가 午를 충해 살을 극하니 살을 제거하고 관을 남김이라. 서주: 관·살이 비록 동류이나 각각 분야가 있다. 비유컨대 형제
심로분(沈路分),甲午丁卯癸丑丙辰,甲午,丁卯,癸丑,丙辰,자평격국명법원약,知縣,,) 명이 이것이라. 편·정이 첩출하면 부귀가 크지 않으니 가령 甲午·丁卯·癸丑·丙辰은 공지현(龔知縣) 명이 이것이라.」 서주: 오행 간지가 음양으로 일을 배합함이 핵심이니 재·관·인이 이것이라. 내가 생하면
악통제(岳统制),癸卯丁巳庚寅庚辰,癸卯,丁巳,庚寅,庚辰,자평진전평주,,貴,"살을 제거해 청을 취하면 귀하다. 가령 악통제(岳统制)의 명조 癸卯·丁巳·庚寅·庚辰은 관을 제거하고 살을 남김이라. 무릇 관이 귀기인데 관을 제거함이 어찌 살을 제거함만 하랴? 어찌 알랴, 월령 편관이라 살이"
양사양(楊士襄),庚申甲申己丑癸酉,庚申,甲申,己丑,癸酉,격국론명,상서,大貴,명례는 모두 상관기관격이라: 재정총장 양사양(楊士襄)의 명: 庚申·甲申·己丑·癸酉; 고시원장 매경덕(買景德)의 명: 庚辰·甲申·己丑·己巳; 병부상서 모창희(毛昶熙)의 명: 丁丑·丁未·丙子·己丑; 교육총장 범
양상곤(楊尚昆),丁未丁未甲申甲子,丁未,丁未,甲申,甲子,격국론명,,,")를 무너뜨릴 수 있었다. 예2: 양상곤(楊尚昆)의 명 팔자: 丁未·丁未·甲申·甲子, 9세 대운: 丙午·乙巳·甲辰·癸卯·壬寅·辛丑·庚子·己亥·戊戌. 월령에 상관을 쌍투하고 일·시 申·子가 합해 인이 되니 살격"
양선덕(杨善德),戊午辛酉乙卯丙戌,戊午,辛酉,乙卯,丙戌,자평진전평주,,,善德)의 명조라. 卯·酉의 충으로 인해 巳·酉의 회를 풀었다. 戊午·辛酉·乙卯·丙戌 — 이는 육영정(陆荣廷)의 명조라. 卯·戌의 합으로 인해 卯·酉의 충을 풀었다. 甲子·丙子·丙寅·丙申 — 이는 절강 염상(盐
양승상(梁丞相),己未壬申戊子庚申,己未,壬申,戊子,庚申,자평격국명법원약,閣老·승상·丞相·각로,大貴,"가령 丁未·癸卯·癸亥·癸丑은 양승상(梁丞相)의 명이 이것이요; 己未·壬申·戊子·庚申은 사각로(謝閣老)의 명이 이것이라.」 서주: 식신은 재의 뿌리라, 일원이 왕성한 자는 기세를 안돈(安頓)해야 한다. 정영(菁"
양실추(梁實秋),壬寅壬子甲午丙寅,壬寅,壬子,甲午,丙寅,격국론명,,,"예1: 양실추(梁實秋)의 명 팔자: 壬寅·壬子·甲午·丙寅, 0세 대운: 癸丑·甲寅·乙卯·丙辰·丁巳·戊午·己未·庚申. 팔자에 재·관이 보이지 않고 인성이 당령하며 일주가 강근이 있어"
엄가치(嚴家熾),癸酉甲子辛亥丁酉,癸酉,甲子,辛亥,丁酉,격국론명,,,명: 壬申·壬子·辛亥·癸巳; 재정청장 엄가치(嚴家熾)의 명: 癸酉·甲子·辛亥·丁酉; 과학 거장 뉴턴(牛頓)의 명: 壬午·壬子·庚子·辛巳. 이 세 예 명중의 관살성이 모두 이미 다 극되었으므로 귀기가 모두 적
엄경령(嚴慶齡),己酉壬申丁卯丁未,己酉,壬申,丁卯,丁未,격국론명,,,"상업에서 성공함이 많다. 예1: 엄경령(嚴慶齡)의 명 팔자: 己酉·壬申·丁卯·丁未, 9세 기운 대운: 辛未·庚午·己巳·戊辰·丁卯·丙寅·乙丑. 월간에 한 자리 壬水 정관을 투출하나 즉시 己土 식신의 한 번 극"
염석산(閻錫山),癸未辛酉乙酉丁亥,癸未,辛酉,乙酉,丁亥,격국론명,상서,大貴,: 戊子·辛酉·乙未·丙子; 산서성 도독 염석산(閻錫山)의 명: 癸未·辛酉·乙酉·丁亥; 병부상서 증국번(曾國藩)의 명: 辛未·己亥·丙辰·己亥; 항일명장 장자충(張自忠)의 명: 庚寅·甲申·甲戌·丁卯; 경찰총감 오
염석산(阎锡山),癸未辛酉乙酉丁亥,癸未,辛酉,乙酉,丁亥,자평진전평주,,,이다(아래 용신절에 보인다). 또 가령 염석산(阎锡山)의 명조 癸未·辛酉·乙酉·丁亥는 乙木이 다만 인(印)이 통근함이 있으면 신약을 두려워하지 않고 살이 투출해 제함이 있으면 곧 귀격이라. 또 가령 허세영(许
오나시스(奧納西斯),乙巳己丑己未庚午,乙巳,己丑,己未,庚午,격국론명,,,"훈의 병이라」 등이라. 예컨대 오나시스(奧納西斯)의 명 팔자: 乙巳·己丑·己未·庚午. 중중한 비겁이 왕강태과한데 온전히 시간의 한 상관에 의지해 화설하니, 다행히 상관이 월령에서 투출해 때를 얻어 유력함을 기"
오무전(吳武典),庚辰丙戌戊子壬戌,庚辰,丙戌,戊子,壬戌,격국론명,,,"양인을 얻은 것은 무귀라. 예1: 오무전(吳武典)의 명 팔자: 庚辰·丙戌·戊子·壬戌, 대운: 丁亥·戊子·己丑·庚寅·辛卯·壬辰. 월령 효·식이 아울러 투출해 효가 식을 빼앗을 수 있어 자연 식신을 용으로 취하지"
오방안(吳榜眼),庚戌戊子戊子丙辰,庚戌,戊子,戊子,丙辰,자평격국명법원약,榜眼·伯,,〔원문:〕 「가령 오방안(吳榜眼) 명 庚戌·戊子·戊子·丙辰은 庚과 丙이 두 戊로 막혀 서로 극하지 않으니 식과 인이 서로 거리끼지 않음이라. 가령 평강백(平江伯) 명 壬辰·乙巳·癸巳·
오방안(吴榜眼),庚戌戊子戊子丙辰,庚戌,戊子,戊子,丙辰,자평진전평주,榜眼·伯,,"고 관을 보호하면 모두 귀격이라. 가령 오방안(吴榜眼)의 명조 庚戌·戊子·戊子·丙辰은 庚과 丙이 두 戊로 격해 서로 극하지 않으니 식과 인이 서로 막지 않음이요, 가령 평강백(平江伯)의 명조 壬辰·乙巳·癸巳·"
오정방(伍廷芳),丁巳丁未丁卯癸卯,丁巳,丁未,丁卯,癸卯,자평진전평주,,,는 전 외교총장 오정방(伍廷芳)의 명조로 종살격(从煞格)이라. 丁巳·丁未·丁卯·癸卯 — 비록 癸水 칠살이 투출하나 卯木이 그것을 화함이 있으니 또한 그 왕세를 순히 함이 마땅하다. 이는 전청(前清) 척양(戚杨
오조추(伍朝枢),丁卯癸丑丙申戊子,丁卯,癸丑,丙申,戊子,자평진전평주,부장,,용신으로 삼음이라. 전 외교부장 오조추(伍朝枢)의 명조이다. 丁卯·癸丑·丙申·戊子 — 丑 가운데 癸水 관성이 투출하고 子·申이 회국해 그것을 도우니 수왕·화약이라 겁으로 몸을 도움을 용신으로 삼음이라. 이는
오철성(吳鐵誠),戊子乙卯己卯乙丑,戊子,乙卯,己卯,乙丑,격국론명,부장,,명: 庚寅·甲申·甲戌·丁卯; 경찰총감 오철성(吳鐵誠)의 명: 戊子·乙卯·己卯·乙丑; 군사부장 허숭지(許崇智)의 명: 丁亥·庚戌·甲子·庚午; 쿠바 대통령 카스트로(卡斯特羅)의 명: 丙寅·丙申·甲戌·乙丑. 이상
옹동화(翁同龢),庚寅辛巳乙酉戊寅,庚寅,辛巳,乙酉,戊寅,격국론명,,,"아니면 소경」이라 했다. 예1: 옹동화(翁同龢)의 명 팔자: 庚寅·辛巳·乙酉·戊寅, 6세 대운: 壬午·癸未·甲申·乙酉·丙戌·丁亥·戊子. 巳火 상관이 당령하고 또 寅木이 몸에 붙어 상생하니 巳·酉 합살로 논하"
완령옥(阮玲玉),庚戌辛巳己亥乙亥,庚戌,辛巳,己亥,乙亥,격국론명,,,戌·己丑·戊申·甲寅; 저명 영성(影星) 완령옥(阮玲玉)의 명: 庚戌·辛巳·己亥·乙亥; 남북대협 두심무(杜心武)의 명: 己巳·乙亥·庚午·戊寅; 경극 명가 상소운(尚小雲)의 명: 戊戌·乙丑·丙戌·癸巳; 국제 가성
왕극민(王克敏),戊辰甲寅丁卯戊申,戊辰,甲寅,丁卯,戊申,자평진전평주,,,의 명조이다. ── (나) 월령의 신을 부억함을 용으로 삼음. 戊辰·甲寅·丁卯·戊申 — 寅·卯·辰 기가 동방에 온전하고 甲이 투출하니 용신이 너무 강하므로 재를 취해 인을 손함을 용으로 삼음이라. 이는 국민정
왕사진(王士珍),壬寅戊申丙寅癸巳,壬寅,戊申,丙寅,癸巳,자평진전평주,,,"명조이다. 辛이 丙 살을 합해 합일유일이라 의연히 살인격이라. 壬寅·戊申·丙寅·癸巳 — 이는 합관유살이라. 또 《삼명통회》는 합으로 남김을 삼고 극으로 제거를 삼으니, 이 명조 같으면 戊가 壬을 극하고 癸를"
왕상기(王湘绮),辛亥己亥壬午辛亥,辛亥,己亥,壬午,辛亥,자평진전평주,,,후를 조화하는 뜻이라. 이는 손청 왕상기(王湘绮)의 명조이다. 辛亥·己亥·壬午·辛亥 — 비록 己土 관성이 간에 투출하나 午지 丁火가 없으면 관성이 쓸모없으니 또한 조후의 뜻이라. 곧 남통(南通) 장퇴창(张退厂
왕점원(王占元),辛酉庚寅庚子丙子,辛酉,庚寅,庚子,丙子,격국론명,,,"옥되고 이듬해 처결되었다. 예2: 왕점원(王占元)의 명 팔자: 辛酉·庚寅·庚子·丙子, 5세 대운: 己丑·戊子·丁亥·丙戌·乙酉·甲申·癸未. 월령에 한 자리 丙火 독살을 투출하고 팔자에 인이 없으며 子水 상관이"
왕조휘(汪祖輝),庚戌己丑戊申甲寅,庚戌,己丑,戊申,甲寅,격국론명,,,寅·甲戌·己酉·己巳; 저명 사야(師爺) 왕조휘(汪祖輝)의 명: 庚戌·己丑·戊申·甲寅; 저명 영성(影星) 완령옥(阮玲玉)의 명: 庚戌·辛巳·己亥·乙亥; 남북대협 두심무(杜心武)의 명: 己巳·乙亥·庚午·戊寅; 경
왕준산(王俊珊),癸酉癸亥戊子丁巳,癸酉,癸亥,戊子,丁巳,격국론명,,,"업가가 모두 이런 팔자라. 예3: 왕준산(王俊珊)의 명 팔자: 癸酉·癸亥·戊子·丁巳, 대운: 壬戌·辛酉·庚申·己未·戊午·丁巳. 월령 정재요 또 상·인 상보가 있으나 다만 용신태다라 비겁으로 극제하고 기인취재해"
용제광(龙济光),丁卯丙午丙子壬辰,丁卯,丙午,丙子,壬辰,자평진전평주,,,"성 중에 패라. 격의 이룬 것은, 가령 용제광(龙济光)의 명조 丁卯·丙午·丙子·壬辰은 살인격이 이뤄짐이요, 건록은 가령 강만평(江万平)의 명조 丁酉·丙午·丁酉·己酉는 식신생재를 쓰니 또한 격의 이룸이라. ──"
우우임(于右任),己卯戊辰甲子壬申,己卯,戊辰,甲子,壬申,자평격국명법원약,,,우우임(于右任) 명: 재(財) 재(財) 일(日) 인(印) / 己 戊 甲 壬 / 卯 辰 子 申. 월령이 본래 재성이라 마땅히 재격을 취해야 하나 간에 壬水 인성을 투출하고 지가 申·子·辰 수국을 회하니 이리하면 재격을
우화덕(虞和德),丁卯丙午庚午己卯,丁卯,丙午,庚午,己卯,자평진전평주,,,"보인다). 양간은 그렇지 않으니, 가령 우화덕(虞和德)의 명조 丁卯·丙午·庚午·己卯는 庚金이 비록 약하나 인이 투출해 뿌리 있으면 곧 능히 좇지 못해 신약은 절로 그 약함이 되니, 운이 부신(扶身)의 땅으로"
원수산(袁樹珊),辛巳丁酉乙巳戊寅,辛巳,丁酉,乙巳,戊寅,격국론명,,,곧 격을 깨뜨림이라. 원수산(袁樹珊)의 명도 이러하니 팔자: 辛巳·丁酉·乙巳·戊寅. 식·살이 아울러 투출하고 각각 근기가 있어 본디 상호 살요식제격이라. 다만 그 戊土 재성이 한 번 투출해 식신이 재 생함을
원순제(元順帝),丁未壬子乙未丙子,丁未,壬子,乙未,丙子,격국론명,,,"인성을 생함을 기뻐함이라. 예1: 원순제(元順帝)의 명 팔자: 丁未·壬子·乙未·丙子, 대운: 辛亥·庚戌·己酉·戊申·丁未. 壬水 인성이 당령하고 비록 두 未가 子를 해함을 보나 시지에 또 한 子水가 있어 인이"
위천리(韋千里),庚寅己丑戊子丁亥,庚寅,己丑,戊子,丁亥,격국론명,,富,"천리(韋千里)의 명 팔자: 辛亥·辛卯·庚子·庚辰, 7세 대운: 庚寅·己丑·戊子·丁亥·丙戌·乙酉·甲申. 재격에 식·인을 배합한 듯해 발재의 명 같다. 애석히 재성 卯木 위에 辛金 겁재 개두가 있어 재격을 깨뜨린"
유사배(劉師培),甲申庚午乙巳丁亥,甲申,庚午,乙巳,丁亥,격국론명,,貴,(老底子)까지 다 까먹었다. 다시 유사배(劉師培)의 명 팔자: 甲申·庚午·乙巳·丁亥. 정림생의 명은 다만 상관생재요 관성이 보이지 않아 부하되 귀하지 않았다. 유사배의 명은 한 庚金 관성이 더 있고 한 戌土
유악소(劉岳昭),甲申癸酉乙卯丙戌,甲申,癸酉,乙卯,丙戌,격국론명,,,명: 戊午·辛酉·乙卯·丙戌; 운귀총독 유악소(劉岳昭)의 명: 甲申·癸酉·乙卯·丙戌; 호남성 도독 장경요(張敬堯)의 명: 辛巳·丁酉·乙卯·丙戌; 하북성 도독 상진(商震)의 명: 戊子·辛酉·乙未·丙子; 산서성
유정(劉鋌),癸丑己未戊辰癸亥,癸丑,己未,戊辰,癸亥,격국론명,,,"운도 무능위력(無能爲力)이라. 예2: 유정(劉鋌)의 명 팔자: 癸丑·己未·戊辰·癸亥, 대운: 戊午·丁巳·丙辰·乙卯·甲寅·癸丑. 월령 본기가 겁재라 재·관·살·인·식·상 이 여섯 가지가 아니어서 용을 취해 격을"
유제대(刘提台),癸酉辛酉己卯乙亥,癸酉,辛酉,己卯,乙亥,자평진전평주,提台,,하니 또한 귀에 나아갈 수 있다. 가령 유제대(刘提台)의 명조 癸酉·辛酉·己卯·乙亥가 이것이라. 그 나머지 변화는 다 서술할 수 없으니 류로 미루면 된다. ── 〔서락오〕 식·상이 살을 투출하면 어찌 재성 봄
유제대(劉提台),癸酉辛酉己卯乙亥,癸酉,辛酉,己卯,乙亥,자평격국명법원약,提台,,지 못해 또한 귀에 나아갈 수 있다. 가령 유제대(劉提台) 명 癸酉·辛酉·己卯·乙亥가 이것이라. 그 나머지 변화는 다 술할 수 없으니 유추하면 된다.」 서주: 식·상이 살을 투출하면 어째서 재성 봄을 꺼리는가
유진화(刘镇华),戊子癸亥庚寅戊寅,戊子,癸亥,庚寅,戊寅,자평진전평주,주석,,삼음이라. 이는 안휘(安徽) 주석 유진화(刘镇华)의 명조이다. 戊子·癸亥·庚寅·戊寅 — 戊·癸가 상합하나 癸水가 통근해 설기가 너무 무거우니 戊土로 몸을 돕고 상관을 제함을 용으로 삼음이라. 이는 실업가 선관
유징여(刘澄如),壬辰癸丑辛丑甲午,壬辰,癸丑,辛丑,甲午,자평진전평주,,,남심(南浔) 유징여(刘澄如)의 명조이다. ── (3) 조후. 壬辰·癸丑·辛丑·甲午 — 금한수랭(金寒水冷)하고 토가 얼음으로 맺히니 시상 午火를 취해 용으로 삼으니 곧 기후를 조화하는 뜻이라. 이는 손청 왕상
유징여(劉澄如),壬戌己酉丁丑甲辰,壬戌,己酉,丁丑,甲辰,자평격국명법원약,,,유징여(劉澄如) 명: 관(官) 식(食) 일(日) 인(印) / 壬 己 丁 甲 / 戌 酉 丑 辰. 년간이 관을 투출하고 월간이 식을 투출해 관성이 극을 받아 관격을 깨뜨림이라. 그러나 그래도 관을 버리고 식으로 나아갈 수
유키(齊藤由貴),丙午丁酉壬申辛亥,丙午,丁酉,壬申,辛亥,격국론명,,,었다. 또 일본 미녀 우상 사이토 유키(齊藤由貴)의 명 팔자: 丙午·丁酉·壬申·辛亥. 팔자에 두 인성이 있고 또 당령하니 이를 용신태다(用神太多)라 하여 극설해야 한다. 여기서 재괴인은 곧 좋은 일이라. 하늘
육영정(陆荣廷),甲子丙子丙寅丙申,甲子,丙子,丙寅,丙申,자평진전평주,,,荣廷)의 명조라. 卯·戌의 합으로 인해 卯·酉의 충을 풀었다. 甲子·丙子·丙寅·丙申 — 이는 절강 염상(盐商) 주상령(周湘舲)의 명조라. 寅·申의 충으로 인해 子·申의 회를 풀었다. 또 풀음으로 인해 도리어
육영정(陸榮廷),戊午辛酉乙卯丙戌,戊午,辛酉,乙卯,丙戌,격국론명,,,주라. 아래 명조들을 보라. 양광순열사 육영정(陸榮廷)의 명: 戊午·辛酉·乙卯·丙戌; 운귀총독 유악소(劉岳昭)의 명: 甲申·癸酉·乙卯·丙戌; 호남성 도독 장경요(張敬堯)의 명: 辛巳·丁酉·乙卯·丙戌; 하북성
윤계선(尹繼善),辛巳己亥辛巳己亥,辛巳,己亥,辛巳,己亥,자평격국명법원약,,,윤계선(尹繼善) 명: 비(比) 인(印) 일(日) 인(印) / 辛 己 辛 己 / 巳 亥 巳 亥. 대운: 戊戌 丁酉 丙申〔…〕.
윤잉(允礽),甲寅庚午丙寅癸巳,甲寅,庚午,丙寅,癸巳,격국론명,,,"그가 이 관운을 못 넘긴다. 예2: 윤잉(允礽)의 명 팔자: 甲寅·庚午·丙寅·癸巳, 10세 기운 대운: 辛未·壬申·癸酉·甲戌·乙亥. 이는 강희황제의 둘째 공자라. 시간 한 자리 독관이 庚金 재성의 상생을 얻"
이가훈(李家訓),庚申戊寅丁未庚子,庚申,戊寅,丁未,庚子,자평격국명법원약,,,"이가훈(李家訓) 명: 재(財) 상(傷) 일(日) 재(財) / 庚 戊 丁 庚 / 申 寅 未 子. 이 명도 寅木 독인으로 용을 삼아 격을 정하니, 비록 申金 재성이 寅木을 충극하나 다행히 시지에 子水가 申金과 멀리 합해"
이군(李君),乙亥癸未己亥辛未,乙亥,癸未,己亥,辛未,자평진전평주,,,강해 억제함이라. 이는 합비(合肥) 이군(李君)의 명조이다. 乙亥·癸未·己亥·辛未 — 己土 일원이 월령에 통근하고 년상 乙木이 미약하니 곧 용신이 너무 약해 도움이라. 이는 전 교통총장 증육준(曾毓隽)의 명
이성탁(李盛鐸),己未庚午己丑辛未,己未,庚午,己丑,辛未,격국론명,,,"교육계의 권위가 되었다. 예2: 이성탁(李盛鐸)의 명 팔자: 己未·庚午·己丑·辛未, 5세 대운: 己巳·戊辰·丁卯·丙寅·乙丑·甲子·癸亥. 午火 편인이 당령하고 丑·午가 한 번 해해 본디 격을 깨뜨리는데, 시지"
이속(吏屬),庚申甲申甲子乙亥,庚申,甲申,甲子,乙亥,삼명통회,,,"합하지 못하므로 다만 이속(吏屬)의 명이 되었다. 〔명례 — 庚申 甲申 甲子 乙亥〕 또 가령 육임(六壬)생이 간두에 기(己)자를 투출하여 관이 되는데 다시 신(申)이 투출함을 보면, 신은 기의 합신이라 기자"
이어사(李御史),庚辰戊子戊寅甲寅,庚辰,戊子,戊寅,甲寅,자평격국명법원약,어사·장원·御史,大貴·離婚,) 명 乙酉·庚辰·甲午·戊辰은 합살존재요; 이어사(李御史) 명 庚辰·戊子·戊寅·甲寅은 제살생재라.」 서주: 모장원 명조는 乙·庚 합하되 살이 그래도 남고 辰·酉 합하되 재가 살로 화하니 이른바 합살존재라 함이
이참정(李参政),庚寅乙酉甲子戊辰,庚寅,乙酉,甲子,戊辰,자평진전평주,참정,,"〔서락오 평주〕 이참정(李参政)의 명조 庚寅·乙酉·甲子·戊辰은 甲이 酉 관을 쓰는데 庚金이 혼잡하고 乙로 합하니 살을 합하고 관을 남김이라, 이는 살을 섞되 청을 취함이라. 상을 만나"
이참정(李參政),庚寅乙酉甲子戊辰,庚寅,乙酉,甲子,戊辰,자평격국명법원약,참정·參政,,"을 풀음이라, 이는 상을 만나 패인함이라. 이참정(李參政) 명 庚寅·乙酉·甲子·戊辰〔…〕.」"
임삼(林森),辛酉丙申壬申辛亥,辛酉,丙申,壬申,辛亥,자평진전평주,시랑,,조가 이것이라(형충회합해법편 상견). 가령 본편 왕시랑 명조: 辛酉·丙申·壬申·辛亥 — 재경·인중이라 반드시 재지 및 식상생재의 땅을 행해야 비로소 아름답다. 초운 乙未·甲午는 목·화가 상련(相连)하고 癸巳는
임상서(林尚書),丙寅癸巳癸未壬戌,丙寅,癸巳,癸未,壬戌,자평격국명법원약,尚書·상서,大貴,"지 않을 뿐 아니라 또 빈을 주한다. 임상서(林尚書) 명: 건 丙 癸 癸 壬 / 寅 巳 未 戌. 일간이 월에 이위해 재록에 앉으니 득함 같으나, 시에 壬戌을 만나 겁성이 투간함도 모자라 일·시 未·戌의 형이〔있음이라〕."
임환(林環),乙卯辛巳乙酉丙戌,乙卯,辛巳,乙酉,丙戌,격국론명,,,"귀신보다 더 무서울 것이라. 예2: 임환(林環)의 명 팔자: 乙卯·辛巳·乙酉·丙戌, 대운: 庚辰·己卯·戊寅·丁丑. 월령 상관이 투출해 辛金 칠살을 합제하고 명국에 인이 없어 격이 상관가살을 이룬다. 명국 상"
임회후(临淮侯),乙亥己卯丁酉壬寅,乙亥,己卯,丁酉,壬寅,자평진전평주,상서·侯,大貴,"제되어 관을 상하지 않음이요, 또 가령 임회후(临淮侯)의 명조 乙亥·己卯·丁酉·壬寅은 己가 乙에 제되어 己가 관을 막지 않음이라. 주상서 명조는 壬이 戊에 제되어 진실로 관성을 상하지 않으나, 다만 사주에 다"
임회후(臨淮侯),乙亥己卯丁酉壬寅,乙亥,己卯,丁酉,壬寅,자평격국명법원약,상서·侯,大貴,"에 제되어 관을 상하지 않음이요. 또 가령 임회후(臨淮侯) 명 乙亥·己卯·丁酉·壬寅은 己가 乙에 제되어 己가 관을 거리끼지 않음이라.」 서주: 주상서 명조는 壬이 戊에 제되어 진실로 관성을 상하지 않으나, 사"
장개석(蔣介石),丁亥庚戌己巳庚午,丁亥,庚戌,己巳,庚午,자평격국명법원약,,,"무거움을 두려워하지 않으니, 비유컨대 장개석(蔣介石)의 명: 丁亥 庚戌 己巳 庚午. 庚金 상관이 용이요 丁火 인성이 상이라 격이 상관배인을 이룬다. 비록 팔자에 巳·午·丁 세 화가 있고 또 한 戌土 화고가"
장경요(張敬堯),辛巳丁酉乙卯丙戌,辛巳,丁酉,乙卯,丙戌,격국론명,상서,大貴,: 甲申·癸酉·乙卯·丙戌; 호남성 도독 장경요(張敬堯)의 명: 辛巳·丁酉·乙卯·丙戌; 하북성 도독 상진(商震)의 명: 戊子·辛酉·乙未·丙子; 산서성 도독 염석산(閻錫山)의 명: 癸未·辛酉·乙酉·丁亥; 병부상서
장만옥(張曼玉),甲辰癸酉壬申乙巳,甲辰,癸酉,壬申,乙巳,격국론명,,,"주가 경상의 사람이 많다. 예2: 장만옥(張曼玉)의 명 팔자: 甲辰·癸酉·壬申·乙巳, 4세 대운: 壬申·辛未·庚午·己巳·戊辰. 인성이 당령하고 또 辰·酉가 금을 합하고 巳·酉가 금을 합해 인성이 왕강유여라 재"
장요(蔣瑤),己丑癸酉庚午丁亥,己丑,癸酉,庚午,丁亥,격국론명,,,"기껏해야 소과장·소주임이라. 다시 장요(蔣瑤)의 명을 보면: 己丑·癸酉·庚午·丁亥, 대운: 壬申·辛未·庚午·己巳·戊辰·丁卯·丙寅·乙丑. 시간 한 자리 정관이요 월간의 상관은 년간 己土의 제약이 있어 무방하다"
장자충(張自忠),庚寅甲申甲戌丁卯,庚寅,甲申,甲戌,丁卯,격국론명,부장,,명: 辛未·己亥·丙辰·己亥; 항일명장 장자충(張自忠)의 명: 庚寅·甲申·甲戌·丁卯; 경찰총감 오철성(吳鐵誠)의 명: 戊子·乙卯·己卯·乙丑; 군사부장 허숭지(許崇智)의 명: 丁亥·庚戌·甲子·庚午; 쿠바 대통령
장장원(张状元),甲子丙寅甲子丙寅,甲子,丙寅,甲子,丙寅,자평진전평주,장원·状元,大貴,"고 금이 수를 생하면 영묘함이라. 가령 장장원(张状元)의 명조 甲子·丙寅·甲子·丙寅은 목화통명이요, 또 癸卯·庚申·庚子·庚辰은 금수상함이라. ── 〔서락오〕 장 명조는 두 간이 잡하지 않고 목화통명이라 식신격"
장장원(張狀元),癸卯庚申庚子庚辰,癸卯,庚申,庚子,庚辰,자평격국명법원약,狀元·장원,大貴,장장원(張狀元) 명 甲子·丙寅·甲子·丙寅은 목화통명이요; 또 癸卯·庚申·庚子·庚辰은 금수상함이라.」 서주: 장 명조는 두 간이 섞이지 않고 목화통명이라 식신격이라. 더욱 패인을 기뻐해 조정중화하니 운이 재지
장재양(张载扬),癸酉乙丑庚寅丙子,癸酉,乙丑,庚寅,丙子,자평진전평주,,,"리 무거운 것은, 가령 근대 절강 성장 장재양(张载扬) 명조: 癸酉·乙丑·庚寅·丙子 — 이 명조는 비록 월령 상관이 아니나 십이월 여기에 시가 子·년이 癸라 또한 잡기상관으로 논한다. 丙火 칠살이 寅에 통근해"
장학량(張學良),壬辰辛卯庚寅己丑,壬辰,辛卯,庚寅,己丑,격국론명,,,"학량(張學良)의 명 팔자: 辛丑·癸巳·壬子·庚子, 9세 대운: 壬辰·辛卯·庚寅·己丑·戊子·丁亥·丙戌·乙酉·甲申. 「격격을 추상해 살로 무거움을 삼음」이라, 월령 巳火 가운데 戊土 칠살을 감추고 戊土가 癸水와"
장학명(張學銘),戊申丁巳癸酉甲寅,戊申,丁巳,癸酉,甲寅,격국론명,,,"몇 년 못 가 병망했다. 예4: 장학명(張學銘)의 명 팔자: 戊申·丁巳·癸酉·甲寅, 6세 기운 대운: 戊午·己未·庚申·辛酉·壬戌·癸亥·甲子. 월령에 재·관 두 글자를 투출하고 년·일지에 또 인성이 몸을 생하"
장훈(張勛),甲寅丙子庚申辛巳,甲寅,丙子,庚申,辛巳,자평격국명법원약,,,"(張勛)의 명을 보자: 재(財) 살(殺) 일(日) 겁(劫) / 甲 丙 庚 辛 / 寅 子 申 巳. 子水 상관이 용이라 甲木 재성을 생하나, 甲木이 또 丙火 칠살을 생하니 곧 상관생재격을 깨뜨림이라. 다행히 칠살이〔있어…〕"
잭슨(杰克遜),戊戌庚申戊寅甲子,戊戌,庚申,戊寅,甲子,격국론명,,,"丁酉·丙午·甲戌·乙丑; 유행가왕 마이클 잭슨(杰克遜)의 명: 戊戌·庚申·戊寅·甲子. 증국번 팔자: 辛未·己亥·丙辰·己亥, 6세 대운: 戊戌·丁酉·丙申·乙未·甲午·癸巳·壬辰. 팔자에 두 亥水 칠살이 있는데 두"
전문렬(田文烈),戊午癸亥辛酉庚寅,戊午,癸亥,辛酉,庚寅,격국론명,,,"것은 모두 버릴 수 있다. 예2: 전문렬(田文烈)의 명 팔자: 戊午·癸亥·辛酉·庚寅, 4세 대운: 甲子·乙丑·丙寅·丁卯·戊辰·己巳·庚午. 비록 식신이 당령하나 년지에 午火 살성이 있어 먼저 이 살성을 논해야"
정개민(鄭介民),戊戌辛酉乙未丁亥,戊戌,辛酉,乙未,丁亥,격국론명,,,"예컨대 정개민(鄭介民) 명조 팔자: 戊戌·辛酉·乙未·丁亥, 3세 기운 대운: 壬戌·癸亥·甲子·乙丑·丙寅·丁卯. 칠살이 당령하고 시지 亥水가 未土의 조격(阻隔)이 있어 직접 살을 화하"
정림생(程霖生),丙戌癸巳乙亥癸未,丙戌,癸巳,乙亥,癸未,격국론명,,,예컨대 정림생(程霖生)의 명 팔자: 丙戌·癸巳·乙亥·癸未. 巳火 상관이 당령해 실령한 일원 乙木을 화설하니 乙木이 수의 자보를 급히 요한다. 亥水가 좌지에 있어 몸에 붙어 상생하고
제섭원(齊燮元),乙酉庚辰甲寅己巳,乙酉,庚辰,甲寅,己巳,격국론명,,,"상대적으로 한 등급 낮다. 예1: 제섭원(齊燮元)의 명 팔자: 乙酉·庚辰·甲寅·己巳, 8세 대운: 己卯·戊寅·丁丑·丙子·乙亥·甲戌. 庚金 칠살이 월에 생을 얻고 년지에 인(刃)이 있으며 辰·酉가 또 살을 합해"
조맹부(趙孟頫),甲寅甲戌己酉己巳,甲寅,甲戌,己酉,己巳,격국론명,,,서화 명가 조맹부(趙孟頫)의 명: 甲寅·甲戌·己酉·己巳; 저명 사야(師爺) 왕조휘(汪祖輝)의 명: 庚戌·己丑·戊申·甲寅; 저명 영성(影星) 완령옥(阮玲玉)의 명: 庚戌·辛巳·己亥·
조원외(趙員外),戊辰甲寅戊寅戊午,戊辰,甲寅,戊寅,戊午,자평격국명법원약,원외·員外,,중인경이면 관운이 유해하다. 가령 본편 조원외(趙員外) 명조: 戊 甲 戊 戊 / 辰 寅 寅 午. 신강살왕이라 행하는 운이 모두 인·겁 방신의 지이므로 가운이라. 살이 비록 순하나 일원이 더욱 왕하므로 乙卯 관향이 그래도
조지부(赵知府),丙午庚寅丙午癸巳,丙午,庚寅,丙午,癸巳,자평진전평주,知府,,"고 재·관에 나아감에 이르러서는, 가령 조지부(赵知府)의 명조 丙午·庚寅·丙午·癸巳는 곧 변하고 또 변한 것이라. 寅·午가 인을 화해 겁이 되니 庚·癸 재·관을 쓸 수 있으나 애석한 바는 재·관이 뿌리 없음이"
조철교(赵铁桥),丙子甲午甲戌戊辰,丙子,甲午,甲戌,戊辰,자평진전평주,,,桥)의 명조라. 辰·酉의 합이 다시 巳·亥의 충을 일으킴이라. 丙子·甲午·甲戌·戊辰 — 이는 육종여(陆宗舆)의 명조라. 午·戌의 회가 子·午의 충을 풀 수 있는데 辰·戌의 충으로 인해 다시 子·午의 충을 일으
종경문(鍾敬文),癸卯乙卯丁未甲辰,癸卯,乙卯,丁未,甲辰,격국론명,,,"죄명으로 사형에 처해졌다. 예3: 종경문(鍾敬文)의 명 팔자: 癸卯·乙卯·丁未·甲辰, 4세 대운: 甲寅·癸丑·壬子·辛亥·庚戌·己酉·戊申·丁未. 만반 효인에 다만 년간 한 癸水 살성이 근기도 없고 재생도 없어"
주가화(朱家骅),丙子壬辰壬申乙巳,丙子,壬辰,壬申,乙巳,자평진전평주,부장,,운을 행해 크게 발했다. 교통부장 주가화(朱家骅)의 명조이다. 丙子·壬辰·壬申·乙巳 — 또한 일원이 너무 왕하니 辰 가운데 乙木 여기가 간에 투출함을 써 일원의 빼어남을 설하니 또한 억제하는 뜻이라. 전 재정
주상령(周湘舲),甲子丙子丙寅丙申,甲子,丙子,丙寅,丙申,자평진전평주,,,찌하랴? 성 중에 패라. 또 절서 염상 주상령(周湘舲)의 명조 甲子·丙子·丙寅·丙申은 두 명조가 서로 비슷해 모두 보좌가 경알(倾轧)하여 만년에 요락(寥落)·부득의하다. 癸巳·丙辰·壬申·癸卯 — 이는 양행불(
주상서(朱尚书),丙戌戊戌辛未壬辰,丙戌,戊戌,辛未,壬辰,자평진전평주,상서·侯,大貴,"·식을 띠어 귀한 것이 있으니 곧 가령 주상서(朱尚书)의 명조 丙戌·戊戌·辛未·壬辰은 壬이 戊에 제되어 관을 상하지 않음이요, 또 가령 임회후(临淮侯)의 명조 乙亥·己卯·丁酉·壬寅은 己가 乙에 제되어 己가 관"
주상서(朱尚書),丙戌戊戌辛未壬辰,丙戌,戊戌,辛未,壬辰,자평격국명법원약,尚書·상서·侯,大貴,"한 상·식을 띠어 귀한 것이 있으니, 가령 주상서(朱尚書) 명 丙戌·戊戌·辛未·壬辰은 壬이 戊에 제되어 관을 상하지 않음이요. 또 가령 임회후(臨淮侯) 명 乙亥·己卯·丁酉·壬寅은 己가 乙에 제되어 己가 관을"
주승상(周丞相),戊戌甲子丁未庚戌,戊戌,甲子,丁未,庚戌,자평격국명법원약,승상·丞相,大貴,"을 제거하고 식을 두면 곧 귀격이라. 가령 주승상(周丞相) 명 戊戌·甲子·丁未·庚戌은 戊가 제되어 살을 복하지 못하는데 시에 庚 재를 투출해 식을 맑게 한 것이라, 부족한 살을 생함이라. 살을 생함이 곧 살을"
주원장(朱元璋),戊辰壬戌丁丑丁未,戊辰,壬戌,丁丑,丁未,격국론명,,,"이면 정결열녀라」 등이라. 예컨대 주원장(朱元璋) 명조 팔자: 戊辰·壬戌·丁丑·丁未, 6세 기운 대운: 癸亥·甲子·乙丑·丙寅·丁卯·戊辰·己巳. 여덟 자에 다섯이 상관이고 다만 한 壬水 관성이 뭇 상관과 대항해"
주은래(周恩來),乙卯丙辰丁巳戊午,乙卯,丙辰,丁巳,戊午,격국론명,,,"은래(周恩來)의 명 팔자: 戊戌·甲寅·丁卯·癸卯, 0세 대운: 乙卯·丙辰·丁巳·戊午·己未·庚申·辛酉·壬戌. 癸水 살성이 뿌리 없고 또 재생이 없어 관살격이 성립 안 된다. 효인이 첩첩해 년주 상관을 극탈하는데"
주자제(周自齐),戊戌甲子己巳戊辰,戊戌,甲子,己巳,戊辰,자평진전평주,총리,離婚·殘疾,"전 내각총리 주자제(周自齐)의 명조이다. ── (2) 병약. 戊戌·甲子·己巳·戊辰 — 월령 편재가 당령하고 비겁이 재를 다툼이 병이라, 甲木 관성을 취해 겁을 제함을 용으로 삼으니 대개 겁을 제함이 재를 보"
중승(中丞),丙辰庚子辛卯乙未,丙辰,庚子,辛卯,乙未,자평진전평주,,離婚,재를 보존함이라. 또 가령 여수평(余寿平) 중승(中丞)의 명조 丙辰·庚子·辛卯·乙未는 월령 식신에 관성을 쓰고 식이 재를 생하고 재가 관을 생해 지위 배치가 합의하니 귀격이라. 식신이 살을 투출함에 이르러서는
증국번(曾國藩),辛未己亥丙辰己亥,辛未,己亥,丙辰,己亥,격국론명,부장·상서,大貴,명: 癸未·辛酉·乙酉·丁亥; 병부상서 증국번(曾國藩)의 명: 辛未·己亥·丙辰·己亥; 항일명장 장자충(張自忠)의 명: 庚寅·甲申·甲戌·丁卯; 경찰총감 오철성(吳鐵誠)의 명: 戊子·乙卯·己卯·乙丑; 군사부장 허
증육준(曾毓隽),己巳乙亥壬子乙巳,己巳,乙亥,壬子,乙巳,자평진전평주,,,"약해 도움이라. 이는 전 교통총장 증육준(曾毓隽)의 명조이다. 己巳·乙亥·壬子·乙巳 — 년상 己가 乙에 극되고 巳가 亥충을 만나 두고 쓰지 않으니 신왕·기한(气寒)이라, 시의 巳火가 미약하니 상관생재를 취함을"
지부(知府),乙丑己卯乙亥癸未,乙丑,己卯,乙亥,癸未,자평진전평주,知府,,"하다. 이는 전청(前清) 척양(戚杨) 지부(知府)의 명조이다. 乙丑·己卯·乙亥·癸未 — 봄 목이 성국하고 사주에 금이 없으니 곡직인수격(曲直仁寿格)이라, 곧 단집정 기서(段执政祺瑞=段祺瑞)의 명조이다. 戊寅·"
진공박(陳公博),壬辰庚戌甲申甲戌,壬辰,庚戌,甲申,甲戌,격국론명,公,,"예2: 진공박(陳公博)의 명 팔자: 壬辰·庚戌·甲申·甲戌, 7세 대운: 辛亥·壬子·癸丑·甲寅·乙卯. 재·살이 중중해 왕하고 강한데 온전히 년간 壬水가 살을 화하고 몸을 생함에 의지한"
진군(陈君),甲戌丙子癸卯壬戌,甲戌,丙子,癸卯,壬戌,자평진전평주,,,子·午의 충을 풀음이라. 폐우(敝友) 진군(陈君)의 명조이다. 甲戌·丙子·癸卯·壬戌 — 이는 卯·戌의 합으로 子·卯의 형을 풀음이라. 해군총장 두석규(杜锡珪)의 명조이다. 이같은 류는 사람의 변화에 있을 뿐이
진룡도(秦龙图),己卯丁丑丙寅庚寅,己卯,丁丑,丙寅,庚寅,자평진전평주,,,"서로 상하하지 않음에 이르러서는, 가령 진룡도(秦龙图)의 명조 己卯·丁丑·丙寅·庚寅은 己와 庚이 월령에 동근함이 이것이라. 격국의 고하가 온전히 청탁에 있다."
진립부(陳立夫),庚子甲申丙寅戊戌,庚子,甲申,丙寅,戊戌,자평격국명법원약,,,진립부(陳立夫) 명: 재(財) 효(枭) 일(日) 식(食) / 庚 甲 丙 戊 / 子 申 寅 戌. 申金이 당령하니 본디 재격인데 다만 申·子 한 번 합해 재를 화해 살이 되어 재격을 깨뜨림이라. 그러나 칠살은 寅木 인성이
진용도(秦龍圖),己卯丁丑丙寅庚寅,己卯,丁丑,丙寅,庚寅,자평진전,,,러서는 그 빼어남이 상하 막상막하라. 가령 진용도(秦龍圖) 명 己卯·丁丑·丙寅·庚寅은 己와 庚이 월령에 동근함이 이것이라(甲·乙·辛·戊 / 己·丁·丙·庚/子·亥·未·子 / 卯·丑·寅·寅). 상관패인이 있으니
철보(鐵保),壬申壬寅丙子乙未,壬申,壬寅,丙子,乙未,격국론명,,,"중이면 생리사별의 부인이라」. 예컨대 철보(鐵保) 명조 팔자: 壬申·壬寅·丙子·乙未, 1세 기운 대운: 癸卯·甲辰·乙巳·丙午·丁未·戊申·己酉. 인성 寅木이 당령하고 칠살 壬水가 申·子로 뿌리 있으며 일원 丙火"
카스트로(卡斯特羅),丙寅丙申甲戌乙丑,丙寅,丙申,甲戌,乙丑,격국론명,,,丁亥·庚戌·甲子·庚午; 쿠바 대통령 카스트로(卡斯特羅)의 명: 丙寅·丙申·甲戌·乙丑. 이상 열 명조가 모두 칠살이 당령한 살요식제의 무귀 명격이라. 아래 열 명조는 곧 식상이 당령한 식상제살의 예술 명격이라:
탕옥린(湯玉麟),癸酉丁巳甲子戊辰,癸酉,丁巳,甲子,戊辰,격국론명,,,"예3: 탕옥린(湯玉麟)의 명 팔자: 癸酉·丁巳·甲子·戊辰, 2세 기운 대운: 丙辰·乙卯·甲寅·癸丑·壬子·辛亥·庚戌. 상관이 당령해 관격을 이루지 못하는 듯하다. 그러나 巳·酉가 금을"
태조(太祖),戊辰壬戌丁丑丁未,戊辰,壬戌,丁丑,丁未,삼명통회,,,泽)을 입어 반드시 구오·대인이 된다. 명 태조(太祖)의 명은 戊辰·壬戌·丁丑·丁未니 이 또한 까닭이 있어 말함이다. 장류룡(长流龙)이 다시 대해(大海)에 돌아가고 오호(五湖)·수가 군려(群黎)를 손에 쥔다.
패라평장(孛罗平章),壬申丙午甲午壬申,壬申,丙午,甲午,壬申,자평진전평주,평장,大貴,"요해야 비로소 빼어난 기라. 가령 패라평장(孛罗平章)의 명조 壬申·丙午·甲午·壬申은 상관이 왕하고 인이 뿌리 깊으며 몸이 또 약하고 또 여름 목이 윤택을 만나 그 빼어남이 백배라, 그래서 일품의 귀라. 그러"
패라평장(孛羅平章),壬申丙午甲午壬申,壬申,丙午,甲午,壬申,자평격국명법원약,평장,大貴,"원문: 「가령 패라평장(孛羅平章) 명 壬申·丙午·甲午·壬申은 상관이 왕하고 인 뿌리 깊으며 몸이 또 약하고 또 여름 목이 윤택을 만나니 그 빼어남이 백배라, 그래서 일품의 귀라. 그러"
평강백(平江伯),壬辰乙巳癸巳辛酉,壬辰,乙巳,癸巳,辛酉,자평격국명법원약,伯,,식과 인이 서로 거리끼지 않음이라. 가령 평강백(平江伯) 명 壬辰·乙巳·癸巳·辛酉는 비록 식·인이 상극이나 巳·戊 관을 두려 하니 식을 제거하고 관을 보호함이라. 반대면 복이 줄어든다.」 서주: 이 절이 매
평장(平章),辛丑庚寅甲辰乙亥,辛丑,庚寅,甲辰,乙亥,자평진전평주,평장,,"시 청을 취해야 비로소 귀격이라. 가령 한 평장(平章)의 명조 辛丑·庚寅·甲辰·乙亥는 살을 합하고 관을 남김이요, 가령 辛亥·庚寅·甲申·丙寅은 살을 제하고 관을 남김이라."
풍경(馮京),辛酉辛卯癸丑辛酉,辛酉,辛卯,癸丑,辛酉,격국론명,,,"공명을 구하는 의상이 있다. 예1: 풍경(馮京)의 명 팔자: 辛酉·辛卯·癸丑·辛酉, 대운: 庚寅·己丑·戊子·丁亥·丙戌·乙酉. 卯木 식신이 비록 당령하나 이 외에 거의 다 효신이라 뭇 효가 한 식을 다 빼앗아"
하귀비(夏貴妃),己未丙子庚子丙子,己未,丙子,庚子,丙子,자평격국명법원약,,,", 신약은 인을 써 몸을 부조하니 가령 하귀비(夏貴妃) 명조: 己 丙 庚 丙 / 未 子 子 子. 庚金이 기가 설되어 약하니 인을 써 상을 제하고 몸을 부조한다. 십일월 금수라 기가 숙(肅)하고 차가우니 화를 써 조후하니"
하참정(何参政),丙寅戊戌壬戌辛丑,丙寅,戊戌,壬戌,辛丑,자평진전평주,참정,,니나 인이 유정하면 곧 귀격이라. 가령 하참정(何参政)의 명조 丙寅·戊戌·壬戌·辛丑은 戊와 辛이 한가지로 월령에 통하니 이는 살·인이 유정함이라. ── 〔서락오〕 관·살이 모두 재·인으로 보좌하나 다만 재·인
하풍림(何丰林),癸酉丁巳壬午丁未,癸酉,丁巳,壬午,丁未,격국론명,,,"하면 곧 귀기가 없음이라. 예2: 하풍림(何丰林)의 명 팔자: 癸酉·丁巳·壬午·丁未, 9세 대운: 丙辰·乙卯·甲寅·癸丑·壬子·辛亥. 이는 표준의 재격패인 팔자라, 재로 용을 삼고 인으로 상을 삼으며 癸水 양인"
해서(海瑞),癸酉辛酉乙巳丁亥,癸酉,辛酉,乙巳,丁亥,자평격국명법원약,,,가령 해서(海瑞) 명: 효(枭) 살(殺) 일(日) 식(食) / 癸 辛 乙 丁 / 酉 酉 巳 亥. 단지 명국으로 말하면 또한 칠살이 식제와 인화를 만나는 양립 국면이라 한 파격이라. 조운에 격을 구할 글자가 없어 명주가
허세영(许世英),癸酉辛酉乙丑辛巳,癸酉,辛酉,乙丑,辛巳,자평진전평주,,,"제함이 있으면 곧 귀격이라. 또 가령 허세영(许世英)의 명조 癸酉·辛酉·乙丑·辛巳는 열에 아홉이 종살로 잘못 보나, 인수가 뿌리 있으면 곧 신약을 꺼리지 않고 그래도 제살(制煞) 운을 기뻐함을 알지 못함이라"
허숭지(許崇智),丁亥庚戌甲子庚午,丁亥,庚戌,甲子,庚午,격국론명,부장,,명: 戊子·乙卯·己卯·乙丑; 군사부장 허숭지(許崇智)의 명: 丁亥·庚戌·甲子·庚午; 쿠바 대통령 카스트로(卡斯特羅)의 명: 丙寅·丙申·甲戌·乙丑. 이상 열 명조가 모두 칠살이 당령한 살요식제의 무귀 명격이라
호림익(胡林翼),壬申丁未丁未己酉,壬申,丁未,丁未,己酉,격국론명,,,"예1: 호림익(胡林翼)의 명 팔자: 壬申·丁未·丁未·己酉, 8세 기운 대운: 戊申·己酉·庚戌·辛亥·壬子. 년간 한 관이 높이 걸려 장생에 앉으니 귀기가 곧 보인다. 일주가 지지에 쌍"
황금영(黃金榮),戊辰甲子甲戌甲子,戊辰,甲子,甲戌,甲子,격국론명,,,"깨뜨려 차화로 신망했다. 예3: 황금영(黃金榮)의 명 팔자: 戊辰·甲子·甲戌·甲子, 8세 대운: 乙丑·丙寅·丁卯·戊辰·己巳·庚午·辛未·壬申. 팔자에 두 子水 인성이 있고 子·辰이 또 수를 합해 용신 인성이"
황도독(黃都督),己未己巳甲寅丙寅,己未,己巳,甲寅,丙寅,자평격국명법원약,,,또한 귀에 나아갈 수 있다. 가령 본편 황도독(黃都督) 명조: 己 己 甲 丙 / 未 巳 寅 寅. 甲木이 寅에 앉고 시에 또 寅을 만나 일원이 심히 왕하니 왕하면 설수해 또한 쓸 수 있고 다만 화가 많으면 목이 자분(自焚
황부(黃郛),庚辰己卯丙申戊申,庚辰,己卯,丙申,戊申,격국론명,,,"등 여러 방식으로 나타난다. 예3: 황부(黃郛)의 명 팔자: 庚辰·己卯·丙申·戊申, 19세 대운: 庚辰·辛巳·壬午·癸未·甲申. 이 명은 거칠게 보면 관살이 없고 도리어 식상이 많으며 한 자리 卯木 인성이 申"
황이림(黃以霖),丁巳己酉甲子戊辰,丁巳,己酉,甲子,戊辰,자평격국명법원약,,,"황이림(黃以霖) 명: 상(傷) 재(財) 일(日) 재(財) / 丁 己 甲 戊 / 巳 酉 子 辰. 甲木이 酉월에 나 정관격이라, 丁火 상관이 있어 본래 파격이나 다행히 丁火가 己土 재성에 몸에 붙어 화설되어 관을 생하고"
히틀러(希特勒),己丑戊辰丙寅丁酉,己丑,戊辰,丙寅,丁酉,격국론명,,,"려 주인이 궁곤·불수하다. 예1: 히틀러(希特勒)의 명 팔자: 己丑·戊辰·丙寅·丁酉, 5세 대운: 丁卯·丙寅·乙丑·甲子·癸亥·壬戌. 년·월 두 주가 다 식·상이라 오직 일지 한 乙木 인성이 제약함에 의지하니,"
